set dateformat dmy;
---------------------------------------------------------------------
----------------------------- Nhân Viên -----------------------------
---------------------------------------------------------------------
go
insert into ViTri
values ('VT00', N'Admin'),
('VT01', N'Quản lý'),
('VT02', N'Nhân viên thu ngân'),
('VT03', N'Nhân viên trực quầy'),
('VT04', N'Nhân viên giữ xe'),
('VT05', N'Giám đốc'),
('VT06', N'Nhân viên vệ sinh'),
('VT07', N'Nhân viên trực kho');
go
insert into KhuVuc
values ('KV00000001',N'TPHCM'),
('KV00000002',N'Hải phòng'),
('KV00000003',N'Hà nội'),
('KV00000004', N'Long An'),
('KV00000005', N'Cần Thơ'),
('KV00000006', N'Bến Tre');

go
insert into ChiNhanh
values ('CN00000001', N'Chi nhánh Q1', N'160 Đ. Đề Thám, Phường Cầu Ông Lãnh, Quận 1, Thành phố Hồ Chí Minh', 'KV00000001', null),
('CN00000002', N'Chi nhánh Q2', N'72 Quốc Hương, Ấp Thảo Điền, P. Thảo Điền, Quận 2, TP. HCM', 'KV00000001', null),
('CN00000003', N'Chi nhánh Q3', N'268/16 Lý Thái Tổ, Phường 01, Quận 3, TP. Hồ Chí Minh', 'KV00000001', null);

go
insert into NhanVien(maNV, tenNV, gioiTinh,ngaySinh,SDT,CCCD,maVT,maCN,luong)
values	('NV0', N'admin',N'Nam','1/1/1991','0000000000','00000000000', 'VT00',null,0),
		('NV00000001', N'Bùi Quang Huy',N'Nam','20/10/2003','0321654987','00000000001', 'VT01','CN00000001', 5000000),
		('NV00000002', N'Bùi Hoàng Nam',N'Nam','20/10/2003',null,'00000000002','VT02','CN00000001',3000000),
		('NV00000003', N'Bùi Anh Nghĩa',N'Nam','20/10/2003','0321654987','00000000003','VT02','CN00000001',3000000),
		('NV00000004', N'Bùi Trúc Nhi',N'Nữ','20/10/2003','0321654987','00000000004','VT03','CN00000002',5000000),
		('NV00000005', N'Bùi Yến Mĩ',N'Nữ','20/10/2003',null,'00000000005','VT03','CN00000002',3000000),
		('NV00000006', N'Bùi Nhật Nam', N'Nam','20/10/2003','0321654987','00000000006','VT04','CN00000003',5000000);

go
insert into CaLam
values	('CL01', N'Ca Sáng', '5:30 SA', '2:30 CH'),
		('CL02', N'Ca Chiều', '2:30 CH', '10:00 CH');

go
insert into PhanCong
values	('NV00000001', N'Thứ Hai', 'CL01'),
		('NV00000001', N'Thứ Tư', 'CL01'),
		('NV00000001', N'Thứ Sáu', 'CL01'),
		('NV00000001', N'Chủ Nhật', 'CL01'),
		('NV00000002', N'Thứ Ba', 'CL01'),
		('NV00000002', N'Thứ Năm', 'CL01'),
		('NV00000002', N'Thứ Bảy', 'CL01'),
		('NV00000003', N'Thứ Hai', 'CL02'),
		('NV00000003', N'Thứ Ba', 'CL02'),
		('NV00000003', N'Thứ Tư', 'CL02'),
		('NV00000003', N'Thứ Năm', 'CL02'),
		('NV00000003', N'Thứ Sáu', 'CL02'),
		('NV00000003', N'Thứ Bảy', 'CL02'),
		('NV00000003', N'Chủ Nhật', 'CL02'),
		('NV00000004', N'Thứ Hai', 'CL02'),
		('NV00000004', N'Thứ Ba', 'CL02'),
		('NV00000004', N'Thứ Tư', 'CL02'),
		('NV00000004', N'Thứ Năm', 'CL02'),
		('NV00000004', N'Thứ Sáu', 'CL02'),
		('NV00000004', N'Thứ Bảy', 'CL02'),
		('NV00000004', N'Chủ Nhật', 'CL02'),
		('NV00000005', N'Thứ Hai', 'CL01'),
		('NV00000005', N'Thứ Ba', 'CL01'),
		('NV00000005', N'Thứ Tư', 'CL01'),
		('NV00000005', N'Thứ Năm', 'CL01'),
		('NV00000005', N'Thứ Sáu', 'CL01'),
		('NV00000005', N'Thứ Bảy', 'CL01'),
		('NV00000005', N'Chủ Nhật', 'CL01'),
		('NV00000006', N'Thứ Hai', 'CL02'),
		('NV00000006', N'Thứ Tư', 'CL02'),
		('NV00000006', N'Thứ Sáu', 'CL02'),
		('NV00000006', N'Chủ Nhật', 'CL02');

go
update ChiNhanh
set maQL = 'NV00000001'
where maCN = 'CN00000001'
go
update ChiNhanh
set maQL = 'NV00000004'
where maCN = 'CN00000002'
go
update ChiNhanh
set maQL = 'NV00000006'
where maCN = 'CN00000003'


go
insert into KhachHang
values ('KH00000000',N'Khách mới', '0000000000', getdate(), 0)
,('KH00000001',N'Bùi Anh Tuấn', '0123456789', '10/10/2010', 0)
,('KH00000002',N'Bùi Anh Huy', '0123456789', '06/03/2010', 10)
,('KH00000003',N'Bùi Quốc Đạt', '0123456789', '12/11/2010', 3000)

-- Thêm khách hàng nước ngoài từ mã 11 trở đi
insert into KhachHang (maKH, tenKH, SDT, ngaySinh, diemTichLuy)
values 
    ('KH00000011', N'John Smith', '0123456789', '1985-05-12', 0),
    ('KH00000012', N'Maria Garcia', '0987654321', '1983-09-20', 0),
    ('KH00000013', N'Ahmed Khan', '0987123456', '1979-03-15', 0),
    ('KH00000014', N'Sophie Martin', '0912345678', '1981-11-25', 0),
    ('KH00000015', N'Luca Rossi', '0909876543', '1977-07-08', 0),
    ('KH00000016', N'Marie Leblanc', '0976543210', '1980-01-30', 0),
    ('KH00000017', N'Andreas Müller', '0912876345', '1978-10-18', 0),
    ('KH00000018', N'Lise Jensen', '0987654321', '1976-04-22', 0),
    ('KH00000019', N'Pablo Rodriguez', '0909123456', '1975-08-05', 0),
    ('KH00000020', N'Sofia Fernandez', '0918234567', '1974-12-10', 0);
-- Thêm 10 khách hàng mới có ý nghĩa vào cơ sở dữ liệu
insert into KhachHang (maKH, tenKH, SDT, ngaySinh, diemTichLuy)
values 
    ('KH00000021', N'Hồng Mai', '0123456789', '2000-05-12', 0),
    ('KH00000022', N'Đức Anh', '0987654321', '1998-09-20', 0),
    ('KH00000023', N'Lê Lan', '0987123456', '1995-03-15', 0),
    ('KH00000024', N'Văn Đại', '0912345678', '1997-11-25', 0),
    ('KH00000025', N'Thị Ngọc', '0909876543', '1993-07-08', 0),
    ('KH00000026', N'Thanh Tâm', '0976543210', '1996-01-30', 0),
    ('KH00000027', N'Văn Hải', '0912876345', '1994-10-18', 0),
    ('KH00000028', N'Thị Thu', '0987654321', '1992-04-22', 0),
    ('KH00000029', N'Văn Bình', '0909123456', '1991-08-05', 0),
    ('KH00000030', N'Thị Hương', '0918234567', '1990-12-10', 0);

go
insert into TaiKhoan
values ('admin', '124578','NV0')
,('TK00000001', '123456','NV00000001')
,('TK00000002', '123456','NV00000002')
,('TK00000003', '123456','NV00000003')
,('TK00000004', '123456','NV00000004')
,('TK00000005', '123456','NV00000005')
,('TK00000006', '123456','NV00000006')

---------------------------------------------------------------------
----------------------------- Sản phẩm ------------------------------
---------------------------------------------------------------------

go
insert into NhaSanXuat
values ('NSX0000001', N'Vissan', '8435533999', N'420 Nơ Trang Long, P. 13, Quận Bình Thạnh, TP.HCM, Việt Nam'),
('NSX0000002', N'Orion Vina', '0283512312', N'Tầng 22, TTTM Pearl Plaza, 561A Điện Biên Phủ, phường 25, quận Bình Thạnh, TP HCM'),
('NSX0000003', N'Vinamilk', '0285415555', N'Số 10, Đường Tân Trào, Phường Tân Phú, Quận 7, Tp. Hồ Chí Minh')

go
insert into LoaiSP
values ('LS00000001', N'Thịt'),
('LS00000002', N'Sữa'),
('LS00000003', N'Bánh'),
('LS00000004', N'Nước'),

-- Thêm các loại sản phẩm mới
('LS00000005', N'Rau củ'),
('LS00000006', N'Hạt'),
('LS00000007', N'Mì gói'),
('LS00000008', N'Đồ uống có ga'),

-- Thêm các loại sản phẩm mới
('LS00000009', N'Hàng gia dụng'),
('LS00000010', N'Hàng điện tử'),
('LS00000011', N'Hàng trẻ em'),
('LS00000012', N'Văn phòng phẩm'),
('LS00000013', N'Hóa mỹ phẩm');
go
 
insert into SanPham
values ('SP00000001', N'Heo 2 Lát', '1/12/2024', 30000, 300, 'LS00000001', 'NSX0000001'),
('SP00000002', N'ChocoPie',  '1/12/2024', 30000, 300, 'LS00000003', 'NSX0000002'),
('SP00000003', N'Sữa tươi Vinamilk',  '1/12/2024', 30000, 300, 'LS00000002', 'NSX0000003'),
('SP00000004', N'Xúc xích dinh dưỡng',  '1/12/2024', 30000, 300, 'LS00000001', null), 
('SP00000005', N'Tiêu đen', '1/12/2024', 20000, 200, 'LS00000002', 'NSX0000003'),
('SP00000006', N'Bánh quy hạt dẻ cười', '1/12/2024', 25000, 150, 'LS00000003', 'NSX0000001'),
('SP00000007', N'Nước ngọt Pepsi', '1/12/2024', 18000, 350, 'LS00000001', 'NSX0000002'),
('SP00000008', N'Thịt bò Úc', '1/12/2024', 35000, 100, 'LS00000002', 'NSX0000002'),
('SP00000009', N'Rau cải thảo', '1/12/2024', 15000, 400, 'LS00000003', 'NSX0000003'),
('SP00000010', N'Kẹo sô cô la Kinder', '1/12/2024', 22000, 250, 'LS00000001', 'NSX0000003'),
('SP00000011', N'Sữa đậu nành', '1/12/2024', 27000, 180, 'LS00000002', 'NSX0000003'),
('SP00000012', N'Bánh mì sandwich thịt', '1/12/2024', 20000, 300, 'LS00000003', 'NSX0000001'),
('SP00000013', N'Nước suối Lavie', '1/12/2024', 12000, 500, 'LS00000001', 'NSX0000002'),
('SP00000014', N'Mì gói Hảo Hảo', '1/12/2024', 8000, 700, 'LS00000002', 'NSX0000002'),
('SP00000015', N'Gà ta', '1/12/2024', 30000, 120, 'LS00000003', 'NSX0000001'),
('SP00000016', N'Kem dừa', '1/12/2024', 25000, 180, 'LS00000001', 'NSX0000002'),
('SP00000017', N'Rượu vang Chile', '1/12/2024', 42000, 90, 'LS00000002', 'NSX0000003'),
('SP00000018', N'Pizza hải sản', '1/12/2024', 28000, 200, 'LS00000003', 'NSX0000002'),
('SP00000019', N'Bột ngọt Ajinomoto', '1/12/2024', 10000, 400, 'LS00000001', 'NSX0000001'),
('SP00000020', N'Cà chua', '1/12/2024', 5000, 600, 'LS00000002', 'NSX0000001'),
('SP00000021', N'Bánh mì sandwich trứng', '1/12/2024', 15000, 200, 'LS00000003', 'NSX0000001'),
('SP00000022', N'Nước ngọt Coca-Cola', '1/12/2024', 20000, 300, 'LS00000004', 'NSX0000002'),
('SP00000023', N'Sữa chua Vinamilk', '1/12/2024', 12000, 250, 'LS00000002', 'NSX0000003'),
('SP00000024', N'Gà rán KFC', '1/12/2024', 35000, 150, 'LS00000001', null),
('SP00000025', N'Nước ép trái cây tự nhiên', '1/12/2024', 25000, 100, 'LS00000004', 'NSX0000003'),
('SP00000026', N'Bánh tráng trộn', '1/12/2024', 10000, 150, 'LS00000003', null),
('SP00000027', N'Nước suối Aquafina', '1/12/2024', 15000, 200, 'LS00000004', 'NSX0000002'),
('SP00000028', N'Kem tươi ngon', '1/12/2024', 18000, 180, 'LS00000001', 'NSX0000003'),
('SP00000029', N'Cà phê sữa đá', '1/12/2024', 20000, 250, 'LS00000004', null),
('SP00000030', N'Chân gà nướng', '1/12/2024', 25000, 120, 'LS00000001', null),
('SP00000031', N'Bánh tráng cuốn', '1/12/2024', 8000, 300, 'LS00000003', null),
('SP00000032', N'Soda chanh', '1/12/2024', 12000, 250, 'LS00000004', 'NSX0000002'),
('SP00000033', N'Kem dừa đá xay', '1/12/2024', 22000, 180, 'LS00000001', 'NSX0000003'),
('SP00000034', N'Phở gà', '1/12/2024', 25000, 200, 'LS00000003', null),
('SP00000035', N'Bánh mỳ chảo', '1/12/2024', 15000, 150, 'LS00000003', null),
('SP00000036', N'Bia Hà Nội', '1/12/2024', 18000, 300, 'LS00000004', null),
('SP00000037', N'Bánh tráng nướng', '1/12/2024', 10000, 200, 'LS00000003', null),
('SP00000038', N'Sinh tố bơ', '1/12/2024', 20000, 180, 'LS00000002', 'NSX0000003'),
('SP00000039', N'Bánh mì nướng', '1/12/2024', 12000, 250, 'LS00000003', null),
('SP00000040', N'Bò bía', '1/12/2024', 30000, 150, 'LS00000001', null),
('SP00000041', N'Chè thái', '25/05/2024', 15000, 200, 'LS00000002', null),
('SP00000042', N'Bún bò Huế', '25/05/2024', 20000, 180, 'LS00000003', null),
('SP00000043', N'Nước ép trái cây', '25/05/2024', 18000, 250, 'LS00000004', 'NSX0000003'),
('SP00000044', N'Bánh gạo', '25/05/2024', 10000, 300, 'LS00000003', null),
('SP00000045', N'Bánh đậu xanh', '25/05/2024', 12000, 220, 'LS00000003', null),

-- Tháng 1
('SP00000046', N'Trà đào', '01/01/2024', 12000, 250, 'LS00000004', null),
('SP00000047', N'Bánh bông lan', '01/01/2024', 18000, 180, 'LS00000003', null),
('SP00000048', N'Mì tôm', '01/01/2024', 8000, 300, 'LS00000002', 'NSX0000002'),
('SP00000049', N'Bánh tráng', '01/01/2024', 10000, 350, 'LS00000003', null),
('SP00000050', N'Rau sống', '01/01/2024', 15000, 200, 'LS00000001', null),

-- Tháng 2
('SP00000051', N'Trà sữa', '01/02/2024', 15000, 220, 'LS00000004', null),
('SP00000052', N'Pepsi', '01/02/2024', 16000, 180, 'LS00000004', null),
('SP00000053', N'Kẹo mút', '01/02/2024', 10000, 300, 'LS00000003', null),
('SP00000054', N'Bánh trái cây', '01/02/2024', 20000, 250, 'LS00000003', null),
('SP00000055', N'Khoai lang', '01/02/2024', 8000, 300, 'LS00000001', null),

-- Tháng 3
('SP00000056', N'Trà oolong', '01/03/2024', 14000, 180, 'LS00000004', null),
('SP00000057', N'Nước cam', '01/03/2024', 16000, 200, 'LS00000004', null),
('SP00000058', N'Sữa chua', '01/03/2024', 10000, 350, 'LS00000002', null),
('SP00000059', N'Bánh mì', '01/03/2024', 5000, 400, 'LS00000003', null),
('SP00000060', N'Xúc xích', '01/03/2024', 22000, 250, 'LS00000001', null),

-- Tháng 4
('SP00000061', N'Coca Cola', '01/04/2024', 18000, 220, 'LS00000004', null),
('SP00000062', N'Bánh bao', '01/04/2024', 12000, 180, 'LS00000003', null),
('SP00000063', N'Sữa đặc', '01/04/2024', 20000, 350, 'LS00000002', null),
('SP00000064', N'Mì tươi', '01/04/2024', 8000, 300, 'LS00000003', null),
('SP00000065', N'Rau cải', '01/04/2024', 15000, 250, 'LS00000001', null),

-- Tháng 5
('SP00000066', N'Trà bí đao', '01/05/2024', 14000, 180, 'LS00000004', null),
('SP00000067', N'Nước ép cà rốt', '01/05/2024', 16000, 200, 'LS00000004', null),
('SP00000068', N'Kem tươi', '01/05/2024', 10000, 350, 'LS00000002', null),
('SP00000069', N'Bánh xèo', '01/05/2024', 5000, 400, 'LS00000003', null),

-- Tháng 1
('SP00000070', N'Sushi cá ngừ', '01/01/2024', 40000, 150, 'LS00000005', 'NSX0000001'),
('SP00000071', N'Chè hạt sen', '02/01/2024', 35000, 100, 'LS00000006', 'NSX0000002'),
('SP00000072', N'Bánh trứng', '03/01/2024', 20000, 200, 'LS00000007', 'NSX0000003'),
('SP00000073', N'Gà quay', '04/01/2024', 45000, 120, 'LS00000008', 'NSX0000001'),
('SP00000074', N'Sữa chua trái cây', '05/01/2024', 25000, 180, 'LS00000009', 'NSX0000003'),

-- Tháng 2
('SP00000075', N'Bánh bao nhân thịt', '01/02/2024', 18000, 300, 'LS00000005', 'NSX0000001'),
('SP00000076', N'Nước dừa', '02/02/2024', 22000, 250, 'LS00000006', 'NSX0000002'),
('SP00000077', N'Bánh gạo lức', '03/02/2024', 26000, 200, 'LS00000007', 'NSX0000003'),
('SP00000078', N'Mì xào hải sản', '04/02/2024', 30000, 150, 'LS00000008', 'NSX0000003'),
('SP00000079', N'Rau xào', '05/02/2024', 15000, 350, 'LS00000009', 'NSX0000001'),

-- Tháng 3
('SP00000080', N'Bánh flan', '01/03/2024', 25000, 180, 'LS00000005', 'NSX0000001'),
('SP00000081', N'Kem chuối', '02/03/2024', 20000, 200, 'LS00000006', 'NSX0000002'),
('SP00000082', N'Bánh gạo nếp', '03/03/2024', 28000, 150, 'LS00000007', 'NSX0000003'),
('SP00000083', N'Súp lơ', '04/03/2024', 18000, 300, 'LS00000008', 'NSX0000003'),
('SP00000084', N'Nước ép cam', '05/03/2024', 12000, 400, 'LS00000009', 'NSX0000002'),

-- Tháng 4
('SP00000085', N'Bánh trái cây tươi', '01/04/2024', 30000, 180, 'LS00000005', 'NSX0000001'),
('SP00000086', N'Kem dâu', '02/04/2024', 22000, 200, 'LS00000006', 'NSX0000002'),
('SP00000087', N'Bánh cuốn', '03/04/2024', 18000, 250, 'LS00000007', 'NSX0000003'),
('SP00000088', N'Rau củ hầm', '04/04/2024', 25000, 150, 'LS00000008', 'NSX0000001'),
('SP00000089', N'Nước mắm Phú Quốc', '05/04/2024', 30000, 200, 'LS00000009', 'NSX0000002'),

-- Tháng 5
('SP00000090', N'Bánh mì nướng', '01/05/2024', 18000, 300, 'LS00000005', 'NSX0000001'),
('SP00000091', N'Kem sô cô la', '02/05/2024', 20000, 250, 'LS00000006', 'NSX0000002'),
('SP00000092', N'Mì xào bò', '03/05/2024', 28000, 200, 'LS00000007', 'NSX0000003'),
('SP00000093', N'Súp cua', '04/05/2024', 18000, 350, 'LS00000008', 'NSX0000003'),
('SP00000094', N'Nước lọc', '05/05/2024', 12000, 400, 'LS00000009', 'NSX0000003'),

-- Tháng 1
-- Thêm sản phẩm cho tháng 1
('SP00000095', N'Máy sấy tóc', '01/01/2024', 250000, 50, 'LS00000005', null),
('SP00000096', N'Áo khoác nam', '01/01/2024', 350000, 30, 'LS00000006', null),
('SP00000097', N'Áo len nữ', '01/01/2024', 200000, 60, 'LS00000007', null),
('SP00000098', N'Váy dạo phố', '01/01/2024', 180000, 70, 'LS00000008', null),
('SP00000099', N'Giày thể thao nam', '01/01/2024', 400000, 40, 'LS00000009', null),

-- Tháng 2
-- Thêm sản phẩm cho tháng 2

('SP00000100', N'Áo sơ mi nam', '01/02/2024', 220000, 55, 'LS00000005', null),
('SP00000101', N'Áo khoác nữ', '01/02/2024', 380000, 25, 'LS00000006', null),
('SP00000102', N'Áo len nam', '01/02/2024', 190000, 65, 'LS00000007', null),
('SP00000103', N'Váy dự tiệc', '01/02/2024', 250000, 50, 'LS00000008', null),
('SP00000104', N'Giày thể thao nữ', '01/02/2024', 420000, 35, 'LS00000009', null),

-- Tháng 3
-- Thêm sản phẩm cho tháng 3

('SP00000105', N'Áo phông nam', '01/03/2024', 180000, 70, 'LS00000005', null),
('SP00000106', N'Áo len dài tay', '01/03/2024', 290000, 45, 'LS00000006', null),
('SP00000107', N'Áo khoác gió', '01/03/2024', 350000, 30, 'LS00000007', null),
('SP00000108', N'Quần jeans nữ', '01/03/2024', 280000, 40, 'LS00000008', null),
('SP00000109', N'Dép lê nam', '01/03/2024', 150000, 80, 'LS00000009', null),

-- Tháng 4
-- Thêm sản phẩm cho tháng 4

('SP00000110', N'Nồi cơm điện thông minh', '01/04/2024', 900000, 40, 'LS00000009', null),
('SP00000111', N'Bàn là hơi nước', '01/04/2024', 150000, 70, 'LS00000009', null),
('SP00000112', N'Điều hòa không khí', '01/04/2024', 5000000, 15, 'LS00000010', null),
('SP00000113', N'Máy tính bảng', '01/04/2024', 3000000, 25, 'LS00000010', null),
('SP00000114', N'Búp bê Bébé', '01/04/2024', 170000, 160, 'LS00000011', null),

-- Tháng 5
-- Thêm sản phẩm cho tháng 5

('SP00000115', N'Robot hút bụi thông minh', '01/05/2024', 2000000, 20, 'LS00000009', null),
('SP00000116', N'Đèn LED phòng ngủ', '01/05/2024', 80000, 100, 'LS00000009', null),
('SP00000117', N'Tivi OLED', '01/05/2024', 3000000, 15, 'LS00000010', null),
('SP00000118', N'Loa không dây', '01/05/2024', 500000, 40, 'LS00000010', null),
('SP00000119', N'Búp bê Lalaloopsy', '01/05/2024', 190000, 150, 'LS00000011', null);



---------------------------------------------------------------------
------------------------------ Hóa đơn ------------------------------
---------------------------------------------------------------------

go
insert into HoaDon
values ('HD00000001', '18-11-2023', 'NV00000002','KH00000000', 0, 0),
('HD00000002', '18-11-2023', 'NV00000004','KH00000000', 0, 0),
('HD00000003', '18-11-2023', 'NV00000006','KH00000000', 0, 0),
('HD00000004', '15-11-2023', 'NV00000003','KH00000000', 0, 0)


go
insert into ChiTietHD
values ('HD00000001','SP00000001',18),
('HD00000001','SP00000002',15),
('HD00000001','SP00000004',17),
('HD00000002','SP00000001',32),
('HD00000002','SP00000003',41),
('HD00000003','SP00000001',59),
('HD00000003','SP00000003',73),
('HD00000003','SP00000004',05)

insert into HoaDon
values 
('HD00000005', '18-11-2023', 'NV00000003','KH00000000', 0, 0),
('HD00000006', '18-11-2023', 'NV00000003','KH00000001', 0, 0),
('HD00000007', '18-11-2023', 'NV00000003','KH00000002', 0, 0),
('HD00000008', '15-11-2023', 'NV00000004','KH00000003', 0, 0),
('HD00000009', '15-11-2023', 'NV00000004','KH00000002', 0, 0),
('HD00000010', '15-11-2023', 'NV00000004','KH00000003', 0, 0),
('HD00000011', '15-11-2023', 'NV00000005','KH00000001', 0, 0),
('HD00000012', '15-11-2023', 'NV00000005','KH00000001', 0, 0),
('HD00000013', '15-11-2023', 'NV00000006','KH00000000', 0, 0),
('HD00000014', '15-11-2023', 'NV00000006','KH00000000', 0, 0);

insert into ChiTietHD
values 
('HD00000004','SP00000005',15),
('HD00000004','SP00000006',25),
('HD00000004','SP00000007',12),
('HD00000005','SP00000008',10),
('HD00000005','SP00000009',20),
('HD00000005','SP00000010',8),
('HD00000006','SP00000011',17),
('HD00000006','SP00000012',22),
('HD00000006','SP00000013',14),
('HD00000007','SP00000014',19),
('HD00000007','SP00000015',28),
('HD00000007','SP00000016',11),
('HD00000008','SP00000017',16),
('HD00000008','SP00000018',21),
('HD00000008','SP00000019',13),
('HD00000009','SP00000020',18),
('HD00000009','SP00000021',26),
('HD00000009','SP00000022',9),
('HD00000010','SP00000023',20),
('HD00000010','SP00000024',30),
('HD00000010','SP00000025',10),
('HD00000011','SP00000026',15),
('HD00000011','SP00000027',24),
('HD00000011','SP00000028',17),
('HD00000012','SP00000029',22),
('HD00000012','SP00000030',35),
('HD00000012','SP00000031',12),
('HD00000013','SP00000032',18),
('HD00000013','SP00000033',27),
('HD00000013','SP00000034',15),
('HD00000014','SP00000035',25),
('HD00000014','SP00000036',32),
('HD00000014','SP00000037',20);


-- Insert additional HoaDon records starting from HD00000015
INSERT INTO HoaDon
VALUES 
('HD00000015', '2023-11-16', 'NV00000003', 'KH00000001', 0, 0),
('HD00000016', '2023-11-16', 'NV00000003', 'KH00000002', 0, 0),
('HD00000017', '2023-11-16', 'NV00000003', 'KH00000003', 0, 0),
('HD00000018', '2023-11-17', 'NV00000004', 'KH00000000', 0, 0),
('HD00000019', '2023-11-17', 'NV00000004', 'KH00000001', 0, 0),
('HD00000020', '2023-11-17', 'NV00000004', 'KH00000002', 0, 0),
('HD00000021', '2023-11-18', 'NV00000005', 'KH00000003', 0, 0),
('HD00000022', '2023-11-18', 'NV00000005', 'KH00000000', 0, 0),
('HD00000023', '2023-11-18', 'NV00000006', 'KH00000001', 0, 0),
('HD00000024', '2023-11-18', 'NV00000006', 'KH00000002', 0, 0);

-- Insert corresponding ChiTietHD records
INSERT INTO ChiTietHD
VALUES 
('HD00000015', 'SP00000038', 15),
('HD00000015', 'SP00000039', 25),
('HD00000015', 'SP00000040', 12),
('HD00000016', 'SP00000041', 10),
('HD00000016', 'SP00000042', 20),
('HD00000016', 'SP00000043', 8),
('HD00000017', 'SP00000044', 17),
('HD00000017', 'SP00000045', 22),
('HD00000017', 'SP00000046', 14),
('HD00000018', 'SP00000047', 19),
('HD00000018', 'SP00000048', 28),
('HD00000018', 'SP00000049', 11),
('HD00000019', 'SP00000050', 16),
('HD00000019', 'SP00000051', 21),
('HD00000019', 'SP00000052', 13),
('HD00000020', 'SP00000053', 18),
('HD00000020', 'SP00000054', 26),
('HD00000020', 'SP00000055', 9),
('HD00000021', 'SP00000056', 20),
('HD00000021', 'SP00000057', 30),
('HD00000021', 'SP00000058', 10),
('HD00000022', 'SP00000059', 15),
('HD00000022', 'SP00000060', 24),
('HD00000022', 'SP00000061', 17),
('HD00000023', 'SP00000062', 22),
('HD00000023', 'SP00000063', 35),
('HD00000023', 'SP00000064', 12),
('HD00000024', 'SP00000065', 18),
('HD00000024', 'SP00000066', 27),
('HD00000024', 'SP00000067', 15);

-- Insert additional HoaDon records starting from HD00000025
INSERT INTO HoaDon 
VALUES 
('HD00000025', '2023-11-19', 'NV00000003', 'KH00000001', 0, 0),
('HD00000026', '2023-11-19', 'NV00000003', 'KH00000002', 0, 0),
('HD00000027', '2023-11-19', 'NV00000003', 'KH00000003', 0, 0),
('HD00000028', '2023-11-20', 'NV00000004', 'KH00000000', 0, 0),
('HD00000029', '2023-11-20', 'NV00000004', 'KH00000001', 0, 0),
('HD00000030', '2023-11-20', 'NV00000004', 'KH00000002', 0, 0),
('HD00000031', '2023-11-21', 'NV00000005', 'KH00000003', 0, 0),
('HD00000032', '2023-11-21', 'NV00000005', 'KH00000000', 0, 0),
('HD00000033', '2023-11-21', 'NV00000006', 'KH00000001', 0, 0),
('HD00000034', '2023-11-21', 'NV00000006', 'KH00000002', 0, 0);

-- Insert corresponding ChiTietHD records
INSERT INTO ChiTietHD  
VALUES 
('HD00000025', 'SP00000068', 15),
('HD00000025', 'SP00000069', 25),
('HD00000025', 'SP00000070', 12),
('HD00000026', 'SP00000071', 10),
('HD00000026', 'SP00000072', 20),
('HD00000026', 'SP00000073', 8),
('HD00000027', 'SP00000074', 17),
('HD00000027', 'SP00000075', 22),
('HD00000027', 'SP00000076', 14),
('HD00000028', 'SP00000077', 19),
('HD00000028', 'SP00000078', 28),
('HD00000028', 'SP00000079', 11),
('HD00000029', 'SP00000080', 16),
('HD00000029', 'SP00000081', 21),
('HD00000029', 'SP00000082', 13),
('HD00000030', 'SP00000083', 18),
('HD00000030', 'SP00000084', 26),
('HD00000030', 'SP00000085', 9),
('HD00000031', 'SP00000086', 20),
('HD00000031', 'SP00000087', 30),
('HD00000031', 'SP00000088', 10),
('HD00000032', 'SP00000089', 15),
('HD00000032', 'SP00000090', 24),
('HD00000032', 'SP00000091', 17),
('HD00000033', 'SP00000092', 22),
('HD00000033', 'SP00000093', 35),
('HD00000033', 'SP00000094', 12),
('HD00000034', 'SP00000095', 18),
('HD00000034', 'SP00000096', 27),
('HD00000034', 'SP00000097', 15);


-- Insert 20 HoaDon records for 2023 and 2024
INSERT INTO HoaDon 
VALUES 
-- For 2023
('HD00000055', '2023-01-15', 'NV00000003', 'KH00000001', 0, 0),
('HD00000056', '2023-01-20', 'NV00000003', 'KH00000002', 0, 0),
('HD00000057', '2023-02-15', 'NV00000003', 'KH00000003', 0, 0),
('HD00000058', '2023-02-20', 'NV00000004', 'KH00000000', 0, 0),
('HD00000059', '2023-03-15', 'NV00000004', 'KH00000001', 0, 0),
('HD00000060', '2023-03-20', 'NV00000004', 'KH00000002', 0, 0),
('HD00000061', '2023-04-15', 'NV00000005', 'KH00000003', 0, 0),
('HD00000062', '2023-04-20', 'NV00000005', 'KH00000000', 0, 0),
('HD00000063', '2023-05-15', 'NV00000006', 'KH00000001', 0, 0),
('HD00000064', '2023-05-20', 'NV00000006', 'KH00000002', 0, 0),
('HD00000065', '2023-06-15', 'NV00000003', 'KH00000001', 0, 0),
('HD00000066', '2023-06-20', 'NV00000003', 'KH00000002', 0, 0),

-- For 2024
('HD00000067', '2024-01-15', 'NV00000003', 'KH00000001', 0, 0),
('HD00000068', '2024-01-20', 'NV00000003', 'KH00000002', 0, 0),
('HD00000069', '2024-02-15', 'NV00000003', 'KH00000003', 0, 0),
('HD00000070', '2024-02-20', 'NV00000004', 'KH00000000', 0, 0),
('HD00000071', '2024-03-15', 'NV00000004', 'KH00000001', 0, 0),
('HD00000072', '2024-03-20', 'NV00000004', 'KH00000002', 0, 0),
('HD00000073', '2024-04-15', 'NV00000005', 'KH00000003', 0, 0),
('HD00000074', '2024-04-20', 'NV00000005', 'KH00000000', 0, 0);

-- Insert corresponding ChiTietHD records
INSERT INTO ChiTietHD  
VALUES 
('HD00000055', 'SP00000106', 15),
('HD00000055', 'SP00000107', 25),
('HD00000055', 'SP00000108', 12),
('HD00000056', 'SP00000109', 10),
('HD00000056', 'SP00000110', 20),
('HD00000056', 'SP00000111', 8),
('HD00000057', 'SP00000112', 17),
('HD00000057', 'SP00000113', 22),
('HD00000057', 'SP00000114', 14),
('HD00000058', 'SP00000115', 19),
('HD00000058', 'SP00000116', 28),
('HD00000058', 'SP00000117', 11),
('HD00000059', 'SP00000118', 16),
('HD00000059', 'SP00000119', 21),
('HD00000059', 'SP00000106', 13),
('HD00000060', 'SP00000107', 18),
('HD00000060', 'SP00000108', 26),
('HD00000060', 'SP00000109', 9),
('HD00000061', 'SP00000110', 20),
('HD00000061', 'SP00000111', 30),
('HD00000061', 'SP00000112', 10),
('HD00000062', 'SP00000113', 15),
('HD00000062', 'SP00000114', 24),
('HD00000062', 'SP00000115', 17),
('HD00000063', 'SP00000116', 22),
('HD00000063', 'SP00000117', 35),
('HD00000063', 'SP00000118', 12),
('HD00000064', 'SP00000119', 18),
('HD00000064', 'SP00000106', 27),
('HD00000064', 'SP00000107', 15),
('HD00000065', 'SP00000108', 25),
('HD00000065', 'SP00000109', 32),
('HD00000065', 'SP00000110', 20),
('HD00000066', 'SP00000111', 22),
('HD00000066', 'SP00000112', 35),
('HD00000066', 'SP00000113', 12),

('HD00000067', 'SP00000114', 15),
('HD00000067', 'SP00000115', 25),
('HD00000067', 'SP00000116', 12),
('HD00000068', 'SP00000117', 10),
('HD00000068', 'SP00000118', 20),
('HD00000068', 'SP00000119', 8),
('HD00000069', 'SP00000106', 17),
('HD00000069', 'SP00000107', 22),
('HD00000069', 'SP00000108', 14),
('HD00000070', 'SP00000109', 19),
('HD00000070', 'SP00000110', 28),
('HD00000070', 'SP00000111', 11),
('HD00000071', 'SP00000112', 16),
('HD00000071', 'SP00000113', 21),
('HD00000071', 'SP00000114', 13),
('HD00000072', 'SP00000115', 18),
('HD00000072', 'SP00000116', 26),
('HD00000072', 'SP00000117', 9),
('HD00000073', 'SP00000118', 20),
('HD00000073', 'SP00000119', 30),
('HD00000073', 'SP00000106', 10),
('HD00000074', 'SP00000107', 15),
('HD00000074', 'SP00000108', 24),
('HD00000074', 'SP00000109', 17);
